瓿检,臧?瓿,甑瓿茧╈??甑瓿茧╇,臧?,?甑攵,?臧?胳,臧膦??甑??臧膦?措龟,?欤检,甑瓿茧╉??臧?甑攵,
?瓿?,??胳?挫?╉瓿?H150,旌§?る???る,4,?瓿,12,瓿觳??瓿觳??7,5,?れ,
?瓿?,??胳?挫?╉瓿?H153,IoT??臧氚?4,?瓿,12,??????15,3,?れ,,
?瓿?,??胳?挫?╉瓿?H154,AI?毽??挫臧氚,4,?瓿,12,?瓿???瓿??15,3,?れ,
?攴?茧,??胳?挫?╆臣,G531,M?搿攴鸽氚?错??1),1,?瓿,41,氚绊??氚绊??15,3,?れ
?攴?茧,??胳?挫?╆臣,G531,M?搿攴鸽氚?错??1),1,?瓿,30,氚绊??氚绊??15,3,?れ
?攴?茧,??胳?挫?╆臣,M432,MSQL?(1),1,?瓿,37,?觳???觳??15,3,?れ
?攴?茧,??胳?挫?╆臣,M432,MSQL?(1),1,?瓿,31,?觳???觳??15,3,?れ
?攴?茧,??胳?挫?╆臣,M451,M?氅搓惮(2),1,?瓿,37,?欤??欤?15,3,?れ
?攴?茧,??胳?挫?╆臣,M451,M?氅搓惮(2),1,?瓿,32,?欤??欤?15,3,?れ
?攴?茧,??胳?挫?╆臣,M452,MIT氤挫,1,?瓿,35,氚??氚??15,3,?れ
?攴?茧,??胳?挫?╆臣,M452,MIT氤挫,1,?瓿,33,氚??氚??15,3,?れ
?攴?茧,??胳?挫?╆臣(2022),M429,M?氩?搿攴鸽甑(1),2,?瓿,39,?旮???旮??15,3,?れ
?攴?茧,??胳?挫?╆臣(2022),M429,M?氩?搿攴鸽甑(1),2,?瓿,26,?旮???旮??15,3,?れ
?攴?茧,??胳?挫?╆臣(2022),M438,M?毽??挫氚绊,2,?瓿,38,??????15,3,?れ
?攴?茧,??胳?挫?╆臣(2022),M438,M?毽??挫氚绊,2,?瓿,23,氚??氚??15,3,?れ
?攴?茧,??胳?挫?╆臣(2022),M439,M?毽??挫??胳??2,?瓿,37,?欤???欤??15,3,?れ,
?攴?茧,??胳?挫?╆臣(2022),M439,M?毽??挫??胳??2,?瓿,27,?欤???欤??15,3,?れ,
?攴?茧,??胳?挫?╆臣(2022),M440,M?表搿攴?氚(1),2,?瓿,38,氚绊??氚绊??15,3,?れ
?攴?茧,??胳?挫?╆臣(2022),M440,M?表搿攴?氚(1),2,?瓿,28,氚绊??氚绊??15,3,?れ
?攴?茧,??胳?挫?╆臣(2022),M448,M?搿??れ(1),2,?瓿,39,?挫???挫??15,3,?れ
?攴?茧,??胳?挫?╆臣(2022),M448,M?搿??れ(1),2,?瓿,19,?挫???挫??15,3,?れ
?攴?茧,旖?瓿,C938,旌§?る?,3,?瓿,36,??????7,3,?れ
?攴?茧,旖?瓿,C938,旌§?る?,3,?瓿,40,??????7,3,?れ
?攴?茧,旖?瓿,M431,MIoT?,3,?瓿,26,??????7,3,?れ
?攴?茧,旖?瓿,M436,M牍?错办毽,3,?瓿,30,??????7,3,?れ
?攴?茧,旖?瓿,M444,M?戈车歆?レ??3,?瓿,16,??????7,3,?れ,
?攴?茧,旖?瓿,M444,M?戈车歆?レ??3,?瓿,26,??????7,3,?れ,
?攴?茧,牍?错瓣?7432,?鬼搿攴?氚(2),1,?瓿,23,?觳???觳??15,3,?れ,
?攴?茧,牍?错瓣?G940,????觳毽,3,?瓿,15,臁办甑?臁办甑?7,3,?れ,
?攴?茧,牍?错瓣?G951,?ル???2,?瓿,13,?瓿???瓿??15,3,?れ,,
?攴?茧,牍?错瓣?G952,?戈车歆?ル?胳??2,?瓿,20,臁办甑?臁办甑?15,3,?れ,,
?攴?茧,牍?错瓣?G953,?氚?搿攴鸽氚?2),1,?瓿,23,?觳???觳??15,3,?れ,
?攴?茧,牍?错瓣?G954,?办?办臧?れ,2,?瓿,13,旯?欷?旯?欷?15,3,?れ,
?攴?茧,牍?错瓣?G958,SW旖?,1,?瓿,24,?瓿???瓿??15,2,?れ,
?攴?茧,牍?错瓣?G959,??搿攴?氚(2),1,?瓿,26,臁半??臁半??15,3,?れ,
?攴?茧,牍?错瓣?G960,SQL?(2),1,?瓿,24,?瓿???瓿??15,3,?れ,
?攴?茧,牍?错瓣?G961,?办?半???2,?瓿,14,臁半??臁半??15,3,?れ,,
?攴?茧,牍?错瓣?G965,?表搿攴?氚(2),2,?瓿,13,?瓿???瓿??15,3,?れ,
?攴?茧,牍?错瓣?G966,?氩?搿攴鸽甑(2),2,?瓿,16,?觳???觳??15,3,?れ,
